序号,编号,中考分数（按高考排名，推断）,高考分数,高考分数性质,原区间
1,一班-01,646,687,已知,
2,一班-02,642,681,已知,
3,一班-03,640,679,已知,
4,一班-04,638,671,已知,
5,一班-05,637,669,已知,
6,一班-06,636,650,猜测,638~663
6,一班-07,633,650,猜测,638~663
7,一班-08,635,630,猜测,620~640
8,一班-09,634,629,猜测,619~639
9,一班-10,634,652,猜测,640~665
10,一班-11,633,646,猜测,630~655
11,一班-12,631,644,猜测,630~655
12,一班-13,630,642,猜测,630~655
13,一班-14,629,640,猜测,630~655
14,一班-15,627,627,猜测,615~635
15,一班-16,626,625,猜测,615~635
16,一班-17,624,610,猜测,601~616
17,一班-18,623,608,猜测,601~616
18,一班-19,622,606,猜测,601~616
19,一班-20,621,613,猜测,> 606
20,一班-21,620,611,猜测,> 606
21,一班-22,619,608,猜测,598~613
22,一班-23,618,606,猜测,598~613
23,一班-24,617,604,猜测,598~613
24,一班-25,617,637,猜测,627~647
25,一班-26,616,618,猜测,611~626
26,一班-27,615,612,猜测,603~618
27,一班-28,614,608,猜测,599~614
28,一班-29,614,618,猜测,610~625
29,一班-30,613,606,猜测,599~614
30,一班-31,613,612,猜测,605~620
31,一班-32,612,623,猜测,615~635
32,一班-33,611,608,猜测,600~615
33,一班-34,611,610,猜测,603~618
34,一班-35,610,610,猜测,602~617
35,一班-36,610,603,猜测,597~609
36,一班-37,609,597,猜测,591~603
37,一班-38,609,604,猜测,599~614
38,一班-39,608,614,猜测,606~621
39,一班-40,608,612,猜测,606~621
40,一班-41,607,595,猜测,589~601
