编号,高一班级,初中生源地,高考年,中考分数,中考语文,中考数学,中考英语,中考物理,中考化学,中考政治,中考体育,高考分数,高考语文,高考数学,高考英语,高考理综,高考分数估计依据,中考成绩估算依据
三班-01,二班,绥棱县,2007,648,103,110,118,98,93,96,30,666,125,135,141,265,已知,已知
三班-02,三班,绥棱县,2007,630,,,,,,,,657,,,,,已知,已知
三班-03,二班,绥化市区,2007,627,,,,,,,,657,,,,,已知,copula重排(r≈0.70，分层：市区偏高+定性微调)；新分班模型（市区前十只流失第1名，第2–11名进一班，第13、16名进三班）按原顺序重新赋分
三班-04,二班,绥化市区,2007,632,,,,,,,,652,,,,,已知（接近）,copula重排(r≈0.70，分层：市区偏高)；新分班模型（市区前十只流失第1名，第2–11名进一班，第13、16名进三班）按原顺序重新赋分
三班-05,三班,北安市,2008,635,,,,,,,,650,,,,,已知（接近）,已知（接近）
三班-06,二班,海伦市,2007,632,,,,,,,,642,,,,,已知（接近）,copula重排(r≈0.70，分层：市区偏高)
三班-07,二班,望奎县,2007,630,,,,,,,,642,118,141,139,244,已知,中考没有考好，应是全县前三水平
三班-08,三班,绥化市区,2007,608,,,,,,,,642,115,135,135,257,已知,已知
三班-09,三班,绥化市区,2007,633,,,,,,,,640,,,,,已知（接近）,copula重排(r≈0.70，分层：市区偏高+定性微调)；新分班模型（市区前十只流失第1名，第2–11名进一班，第13、16名进三班）按原顺序重新赋分
三班-10,三班,望奎县,2007,636,,,,,,,,636,,,,,,"copula重排+按N(533.5,36.3²)县排名估算定点"
三班-11,三班,望奎县,2007,634,,,,,,,,632,,,,,,copula重排(r≈0.70，分层：市区偏高)
三班-12,二班,绥化市区,2007,632,,,,,,,,632,,,,,已知（接近）,copula重排(r≈0.70，分层：市区偏高+定性微调)；新分班模型（市区前十只流失第1名，第2–11名进一班，第13、16名进三班）按原顺序重新赋分
三班-13,三班,绥化市区,2007,621,,,,,,,,632,123,129,139,241,已知,copula重排(r≈0.70，分层：市区偏高)；新分班模型（市区前十只流失第1名，第2–11名进一班，第13、16名进三班）按原顺序重新赋分
三班-14,三班,绥化市区,2007,625,,,,,,,,631,,,,,已知（接近）,copula重排(r≈0.70，分层：市区偏高+定性微调)；新分班模型（市区前十只流失第1名，第2–11名进一班，第13、16名进三班）按原顺序重新赋分
三班-15,二班,望奎县,2007,635,,,,,,,,630,,,,,已知（接近）,copula重排(r≈0.70，分层：市区偏高)
三班-16,三班,绥化市区,2007,612,99,104,107,90,94,89,29,630,,,,,已知,已知
三班-17,二班,绥化市区,2007,615,,,,,,,,626,,,,,已知（接近）,已知
三班-18,二班,绥化市区,2007,625,,,,,,,,625,,,,,,copula重排(r≈0.70，分层：市区偏高)；新分班模型（市区前十只流失第1名，第2–11名进一班，第13、16名进三班）按原顺序重新赋分
三班-19,三班,绥化市区,2007,626,,,,,,,,623,,,,,,copula重排(r≈0.70，分层：市区偏高)；新分班模型（市区前十只流失第1名，第2–11名进一班，第13、16名进三班）按原顺序重新赋分
三班-20,三班,绥化市区,2007,629,,,,,,,,622,,,,,,copula重排(r≈0.70，分层：市区偏高)；新分班模型（市区前十只流失第1名，第2–11名进一班，第13、16名进三班）按原顺序重新赋分
三班-21,二班,绥化市区,2007,631,,,,,,,,621,,,,,,copula重排(r≈0.70，分层：市区偏高)；新分班模型（市区前十只流失第1名，第2–11名进一班，第13、16名进三班）按原顺序重新赋分
三班-22,三班,绥化市区,2007,623,,,,,,,,621,,,,,,copula重排(r≈0.70，分层：市区偏高)；新分班模型（市区前十只流失第1名，第2–11名进一班，第13、16名进三班）按原顺序重新赋分
三班-23,三班,绥棱县,2007,628,,,,,,,,620,,,,,,"copula重排+按N(533.5,36.3²)县排名估算定点"
三班-24,三班,绥化市区,2007,618,,,,,,,,620,,,,,,copula重排(r≈0.70，分层：市区偏高)；新分班模型（市区前十只流失第1名，第2–11名进一班，第13、16名进三班）按原顺序重新赋分
三班-25,二班,绥化市区,2007,617,,,,,,,,617,,,,,,copula重排(r≈0.70，分层：市区偏高)；新分班模型（市区前十只流失第1名，第2–11名进一班，第13、16名进三班）按原顺序重新赋分
三班-26,二班,绥化市区,2007,628,,,,,,,,615,,,,,,copula重排(r≈0.70，分层：市区偏高)；新分班模型（市区前十只流失第1名，第2–11名进一班，第13、16名进三班）按原顺序重新赋分
三班-27,二班,绥化市区,2007,619,,,,,,,,615,,,,,,copula重排(r≈0.70，分层：市区偏高)；新分班模型（市区前十只流失第1名，第2–11名进一班，第13、16名进三班）按原顺序重新赋分
三班-28,三班,绥化市区,2007,605,,,,,,,,614,,,,,已知（接近）,已知
三班-29,二班,绥化市区,2007,620,,,,,,,,613,,,,,,copula重排(r≈0.70，分层：市区偏高)；新分班模型（市区前十只流失第1名，第2–11名进一班，第13、16名进三班）按原顺序重新赋分
三班-30,三班,绥化市区,2007,624,,,,,,,,612,,,,,,copula重排(r≈0.70，分层：市区偏高)；新分班模型（市区前十只流失第1名，第2–11名进一班，第13、16名进三班）按原顺序重新赋分
三班-31,三班,绥化市区,2007,621,,,,,,,,612,,,,,已知,copula重排(r≈0.70，分层：市区偏高)；新分班模型（市区前十只流失第1名，第2–11名进一班，第13、16名进三班）按原顺序重新赋分
三班-32,二班,绥化市区,2007,618,,,,,,,,611,,,,,,copula重排(r≈0.70，分层：市区偏高)；新分班模型（市区前十只流失第1名，第2–11名进一班，第13、16名进三班）按原顺序重新赋分
三班-33,二班,北安市,2007,629,,,,,,,,610,,,,,按所学专业的录取分估算,"copula重排+按N(533.5,36.3²)县排名估算定点"
三班-34,三班,北安市,2007,624,,,,,,,,610,,,,,已知,"copula重排+按N(533.5,36.3²)县排名估算定点"
三班-35,二班,绥棱县,2007,631,,,,,,,,608,,,,,,"copula重排+按N(533.5,36.3²)县排名估算定点"
三班-36,三班,绥化市区,2007,615,,,,,,,,608,,,,,,copula重排(r≈0.70，分层：市区偏高)；新分班模型（市区前十只流失第1名，第2–11名进一班，第13、16名进三班）按原顺序重新赋分
三班-37,三班,绥化市区,2007,610,,,,,,,,607,,,,,,copula重排(r≈0.70，分层：市区偏高)；新分班模型（市区前十只流失第1名，第2–11名进一班，第13、16名进三班）按原顺序重新赋分
三班-38,三班,绥化市区,2007,612,,,,,,,,606,,,,,,copula重排(r≈0.70，分层：市区偏高)；新分班模型（市区前十只流失第1名，第2–11名进一班，第13、16名进三班）按原顺序重新赋分
三班-39,二班,绥化市区,2007,612,,,,,,,,604,,,,,,copula重排(r≈0.70，分层：市区偏高)；新分班模型（市区前十只流失第1名，第2–11名进一班，第13、16名进三班）按原顺序重新赋分
三班-40,三班,绥化市区,2007,615,,,,,,,,603,,,,,,copula重排(r≈0.70，分层：市区偏高)；新分班模型（市区前十只流失第1名，第2–11名进一班，第13、16名进三班）按原顺序重新赋分
三班-41,三班,绥化市区,2007,610,,,,,,,,603,,,,,,copula重排(r≈0.70，分层：市区偏高)；新分班模型（市区前十只流失第1名，第2–11名进一班，第13、16名进三班）按原顺序重新赋分
三班-42,二班,绥化市区,2007,616,,,,,,,,602,,,,,,copula重排(r≈0.70，分层：市区偏高)；新分班模型（市区前十只流失第1名，第2–11名进一班，第13、16名进三班）按原顺序重新赋分
三班-43,三班,绥化市区,2007,613,,,,,,,,602,,,,,,copula重排(r≈0.70，分层：市区偏高)；新分班模型（市区前十只流失第1名，第2–11名进一班，第13、16名进三班）按原顺序重新赋分
三班-44,二班,绥化市区,2007,610,,,,,,,,602,,,,,,copula重排(r≈0.70，分层：市区偏高)；新分班模型（市区前十只流失第1名，第2–11名进一班，第13、16名进三班）按原顺序重新赋分
三班-45,三班,绥化市区,2007,613,,,,,,,,601,,,,,,copula重排(r≈0.70，分层：市区偏高)；新分班模型（市区前十只流失第1名，第2–11名进一班，第13、16名进三班）按原顺序重新赋分
三班-46,二班,绥化市区,2007,615,,,,,,,,600,,,,,,copula重排(r≈0.70，分层：市区偏高)；新分班模型（市区前十只流失第1名，第2–11名进一班，第13、16名进三班）按原顺序重新赋分
三班-47,三班,绥化市区,2007,609,,,,,,,,600,,,,,,copula重排(r≈0.70，分层：市区偏高)；新分班模型（市区前十只流失第1名，第2–11名进一班，第13、16名进三班）按原顺序重新赋分
三班-48,二班,望奎县,2007,638,,,,,,,,598,,,,,,"copula重排+按N(533.5,36.3²)县排名估算定点"
三班-49,三班,北安市,2007,620,,,,,,,,598,,,,,按所学专业的录取分估算,"copula重排+按N(533.5,36.3²)县排名估算定点"
三班-50,三班,绥化市区,2007,608,,,,,,,,591,,,,,,copula重排(r≈0.70，分层：市区偏高)；新分班模型（市区前十只流失第1名，第2–11名进一班，第13、16名进三班）按原顺序重新赋分
三班-51,二班,绥化市区,2007,609,,,,,,,,590,,,,,,copula重排(r≈0.70，分层：市区偏高)；新分班模型（市区前十只流失第1名，第2–11名进一班，第13、16名进三班）按原顺序重新赋分
三班-52,三班,绥化市区,2007,614,,,,,,,,588,,,,,,copula重排(r≈0.70，分层：市区偏高)；新分班模型（市区前十只流失第1名，第2–11名进一班，第13、16名进三班）按原顺序重新赋分
三班-53,三班,绥化市区,2007,616,,,,,,,,583,,,,,,copula重排(r≈0.70，分层：市区偏高)；新分班模型（市区前十只流失第1名，第2–11名进一班，第13、16名进三班）按原顺序重新赋分
三班-54,三班,绥化市区,2007,611,,,,,,,,571,,,,,,copula重排(r≈0.70，分层：市区偏高)；新分班模型（市区前十只流失第1名，第2–11名进一班，第13、16名进三班）按原顺序重新赋分
三班-55,三班,绥化市区,2007,611,,,,,,,,567,,,,,,copula重排(r≈0.70，分层：市区偏高)；新分班模型（市区前十只流失第1名，第2–11名进一班，第13、16名进三班）按原顺序重新赋分
三班-56,二班,绥化市区,2007,609,,,,,,,,565,,,,,,copula重排(r≈0.70，分层：市区偏高)；新分班模型（市区前十只流失第1名，第2–11名进一班，第13、16名进三班）按原顺序重新赋分
三班-57,三班,绥化市区,2007,608,,,,,,,,555,,,,,,copula重排(r≈0.70，分层：市区偏高)；新分班模型（市区前十只流失第1名，第2–11名进一班，第13、16名进三班）按原顺序重新赋分
三班-58,三班,绥化市区,2007,608,,,,,,,,544,,,,,,copula重排(r≈0.70，分层：市区偏高)；新分班模型（市区前十只流失第1名，第2–11名进一班，第13、16名进三班）按原顺序重新赋分
三班-59,三班,绥化市区,2007,608,,,,,,,,538,,,,,,copula重排(r≈0.70，分层：市区偏高)；新分班模型（市区前十只流失第1名，第2–11名进一班，第13、16名进三班）按原顺序重新赋分
三班-60,三班,青冈县,2008,629,,,,,,,,,,,,,2008届，跳过,
三班-61,三班,望奎县,2008,625,,,,,,,,,,,,,2008届，跳过,
三班-62,三班,绥化市区,2008,622,,,,,,,,,,,,,2008届，跳过,新分班模型（市区前十只流失第1名，第2–11名进一班，第13、16名进三班）按原顺序重新赋分
三班-63,三班,绥化市区,2008,620,,,,,,,,,,,,,2008届，跳过,新分班模型（市区前十只流失第1名，第2–11名进一班，第13、16名进三班）按原顺序重新赋分
三班-64,三班,绥化市区,2008,619,,,,,,,,,,,,,2008届，跳过,新分班模型（市区前十只流失第1名，第2–11名进一班，第13、16名进三班）按原顺序重新赋分
三班-65,三班,绥化市区,2008,614,,,,,,,,,,,,,2008届，跳过,新分班模型（市区前十只流失第1名，第2–11名进一班，第13、16名进三班）按原顺序重新赋分
三班-66,,绥化市区,2008,607,,,,,,,,,,,,,2008届，跳过,新分班模型（市区前十只流失第1名，第2–11名进一班，第13、16名进三班）按原顺序重新赋分
